chr1	35173489	chr1	93458530	Inversion	neurodevelopmental,head_neck,cardiovascular,limbs	gnomAD-SV_v2.1_INV_1_10
chr17	18838525	chr17	72042289	Inversion	neurodevelopmental,head_neck,cardiovascular,limbs	gnomAD-SV_v2.1_INV_17_731
chr5	86365039	chr5	130339409	Inversion	neurodevelopmental,head_neck,cardiovascular,limbs	gnomAD-SV_v2.1_INV_5_284
chr5	114283101	chr5	148759757	Inversion	neurodevelopmental,head_neck,cardiovascular,limbs	gnomAD-SV_v2.1_INV_5_294
chr2	187130611	chr2	218396189	Inversion	neurodevelopmental,head_neck,cardiovascular,limbs	gnomAD-SV_v2.1_INV_2_126
chr5	75669510	chr5	101876780	Inversion	neurodevelopmental,head_neck,cardiovascular,limbs	gnomAD-SV_v2.1_INV_5_281
chr10	37108080	chr10	60078188	Inversion	neurodevelopmental,head_neck,cardiovascular,limbs	gnomAD-SV_v2.1_INV_10_515
chr6	94532000	chr6	117422619	Inversion	neurodevelopmental,head_neck,cardiovascular,limbs	gnomAD-SV_v2.1_INV_6_355
chr4	57479623	chr4	69003923	Inversion	neurodevelopmental,head_neck,cardiovascular,limbs	gnomAD-SV_v2.1_INV_4_229
chr21	21706066	chr21	30869676	Inversion	neurodevelopmental,head_neck,cardiovascular,limbs	gnomAD-SV_v2.1_INV_21_823
chr12	11408825	chr12	18017850	Inversion	neurodevelopmental,head_neck,cardiovascular,limbs	gnomAD-SV_v2.1_INV_12_591
chr5	37539887	chr5	43176744	Inversion	neurodevelopmental,head_neck,cardiovascular,limbs	gnomAD-SV_v2.1_INV_5_273
chr1	161463313	chr1	166487497	Inversion	neurodevelopmental,head_neck,cardiovascular,limbs	gnomAD-SV_v2.1_INV_1_49
chr14	66260596	chr14	70789330	Inversion	neurodevelopmental,head_neck,cardiovascular,limbs	gnomAD-SV_v2.1_INV_14_674
chr21	20502677	chr21	24877018	Inversion	neurodevelopmental,head_neck,cardiovascular,limbs	gnomAD-SV_v2.1_INV_21_821
chr1	67732336	chr1	71589227	Inversion	neurodevelopmental,head_neck,cardiovascular,limbs	gnomAD-SV_v2.1_INV_1_20
chr5	125991339	chr5	129834179	Inversion	neurodevelopmental,head_neck,cardiovascular,limbs	gnomAD-SV_v2.1_INV_5_301
chr12	51569864	chr12	55219228	Inversion	neurodevelopmental,head_neck,cardiovascular,limbs	gnomAD-SV_v2.1_INV_12_609
chr18	52530153	chr18	56173673	Inversion	neurodevelopmental,head_neck,cardiovascular,limbs	gnomAD-SV_v2.1_INV_18_763
chr21	29228619	chr21	32468243	Duplication	neurodevelopmental,head_neck,cardiovascular,limbs	gnomAD-SV_v2.1_DUP_21_50025
chr10	55043589	chr10	58192181	Duplication	neurodevelopmental,head_neck,cardiovascular,limbs	gnomAD-SV_v2.1_DUP_10_29895
chr14	50724320	chr14	53837159	Duplication	neurodevelopmental,head_neck,cardiovascular,limbs	gnomAD-SV_v2.1_DUP_14_38443
chr20	2496150	chr20	5491306	Inversion	neurodevelopmental,head_neck,cardiovascular,limbs	gnomAD-SV_v2.1_INV_20_800
chr2	225039207	chr2	227870097	Inversion	neurodevelopmental,head_neck,cardiovascular,limbs	gnomAD-SV_v2.1_INV_2_137
chr2	124091612	chr2	126834824	Inversion	neurodevelopmental,head_neck,cardiovascular,limbs	gnomAD-SV_v2.1_INV_2_110
chr2	116029141	chr2	118551392	Deletion	neurodevelopmental,head_neck,cardiovascular,limbs	gnomAD-SV_v2.1_DEL_2_21195
chr1	194210543	chr1	196583937	Deletion	neurodevelopmental,head_neck,cardiovascular,limbs	gnomAD-SV_v2.1_DEL_1_10516
chr11	6776273	chr11	9026287	Inversion	neurodevelopmental,head_neck,cardiovascular,limbs	gnomAD-SV_v2.1_INV_11_542
chr1	89684817	chr1	91735543	Inversion	neurodevelopmental,head_neck,cardiovascular,limbs	gnomAD-SV_v2.1_INV_1_33
chr13	71207845	chr13	73178313	Inversion	neurodevelopmental,head_neck,cardiovascular,limbs	gnomAD-SV_v2.1_INV_13_652
chr3	65453409	chr3	67286151	Duplication	neurodevelopmental,head_neck,cardiovascular,limbs	gnomAD-SV_v2.1_DUP_3_8791
chr7	117383377	chr7	119162498	Duplication	neurodevelopmental,head_neck,cardiovascular,limbs	gnomAD-SV_v2.1_DUP_7_22338
chr16	5535382	chr16	7209817	Duplication	neurodevelopmental,head_neck,cardiovascular,limbs	gnomAD-SV_v2.1_DUP_16_41214
chr9	50674	chr9	1670652	Duplication	neurodevelopmental,head_neck,cardiovascular,limbs	gnomAD-SV_v2.1_DUP_9_26161
chr4	27254525	chr4	28855588	Deletion	neurodevelopmental,head_neck,cardiovascular,limbs	gnomAD-SV_v2.1_DEL_4_43491
chr2	193696054	chr2	195294507	Duplication	neurodevelopmental,head_neck,cardiovascular,limbs	gnomAD-SV_v2.1_DUP_2_6856
chr4	43471197	chr4	45044741	Duplication	neurodevelopmental,head_neck,cardiovascular,limbs	gnomAD-SV_v2.1_DUP_4_11721
chrX	69272230	chrX	70842818	Inversion	neurodevelopmental,head_neck,cardiovascular,limbs	gnomAD-SV_v2.1_INV_X_844
chr4	188444726	chr4	189987068	Deletion	neurodevelopmental,head_neck,cardiovascular,limbs	gnomAD-SV_v2.1_DEL_4_53763
chr4	186403729	chr4	187918355	Deletion	neurodevelopmental,head_neck,cardiovascular,limbs	gnomAD-SV_v2.1_DEL_4_53613
chr18	353339	chr18	1855621	Duplication	neurodevelopmental,head_neck,cardiovascular,limbs	gnomAD-SV_v2.1_DUP_18_45106
chr1	85314404	chr1	86811671	Inversion	neurodevelopmental,head_neck,cardiovascular,limbs	gnomAD-SV_v2.1_INV_1_27
chr14	25358719	chr14	26852694	Duplication	neurodevelopmental,head_neck,cardiovascular,limbs	gnomAD-SV_v2.1_DUP_14_38009
chr11	23913399	chr11	25403743	Inversion	neurodevelopmental,head_neck,cardiovascular,limbs	gnomAD-SV_v2.1_INV_11_549
chr18	51026224	chr18	52514743	Duplication	neurodevelopmental,head_neck,cardiovascular,limbs	gnomAD-SV_v2.1_DUP_18_45858
chr5	62527404	chr5	63960327	Duplication	neurodevelopmental,head_neck,cardiovascular,limbs	gnomAD-SV_v2.1_DUP_5_15197
chr12	17214740	chr12	18640300	Duplication	neurodevelopmental,head_neck,cardiovascular,limbs	gnomAD-SV_v2.1_DUP_12_34128
chr10	116030340	chr10	117443667	Deletion	neurodevelopmental,head_neck,cardiovascular,limbs	gnomAD-SV_v2.1_DEL_10_114275
chr1	171533468	chr1	172923559	Duplication	neurodevelopmental,head_neck,cardiovascular,limbs	gnomAD-SV_v2.1_DUP_1_2608
chr5	103560012	chr5	104942420	Inversion	neurodevelopmental,head_neck,cardiovascular,limbs	gnomAD-SV_v2.1_INV_5_288
chr13	19625812	chr13	20998432	Inversion	neurodevelopmental,head_neck,cardiovascular,limbs	gnomAD-SV_v2.1_INV_13_635
chr3	55821984	chr3	57194153	Duplication	neurodevelopmental,head_neck,cardiovascular,limbs	gnomAD-SV_v2.1_DUP_3_8663
chr12	62843315	chr12	64212669	Inversion	neurodevelopmental,head_neck,cardiovascular,limbs	gnomAD-SV_v2.1_INV_12_613
chr3	1440489	chr3	2790541	Deletion	neurodevelopmental,head_neck,cardiovascular,limbs	gnomAD-SV_v2.1_DEL_3_29012
chr13	20635926	chr13	21980041	Inversion	neurodevelopmental,head_neck,cardiovascular,limbs	gnomAD-SV_v2.1_INV_13_636
chr2	189493456	chr2	190809233	Duplication	neurodevelopmental,head_neck,cardiovascular,limbs	gnomAD-SV_v2.1_DUP_2_6809
chr4	9740076	chr4	11054609	Duplication	neurodevelopmental,head_neck,cardiovascular,limbs	gnomAD-SV_v2.1_DUP_4_11204
chr3	165758636	chr3	167066399	Deletion	neurodevelopmental,head_neck,cardiovascular,limbs	gnomAD-SV_v2.1_DEL_3_39293
chr5	76635300	chr5	77941904	Inversion	neurodevelopmental,head_neck,cardiovascular,limbs	gnomAD-SV_v2.1_INV_5_283
chrX	6782908	chrX	8073133	Deletion	neurodevelopmental,head_neck,cardiovascular,limbs	gnomAD-SV_v2.1_DEL_X_184530
chr3	100669300	chr3	101957545	Inversion	neurodevelopmental,head_neck,cardiovascular,limbs	gnomAD-SV_v2.1_INV_3_173
chr12	33522210	chr12	34808705	Duplication	neurodevelopmental,head_neck,cardiovascular,limbs	gnomAD-SV_v2.1_DUP_12_34360
chr2	227484216	chr2	228764518	Inversion	neurodevelopmental,head_neck,cardiovascular,limbs	gnomAD-SV_v2.1_INV_2_139
chr8	77248036	chr8	78500368	Deletion	neurodevelopmental,head_neck,cardiovascular,limbs	gnomAD-SV_v2.1_DEL_8_93942
chr21	14479301	chr21	15712267	Duplication	neurodevelopmental,head_neck,cardiovascular,limbs	gnomAD-SV_v2.1_DUP_21_49718
chr7	8939486	chr7	10129335	Inversion	neurodevelopmental,head_neck,cardiovascular,limbs	gnomAD-SV_v2.1_INV_7_378
chr20	24995892	chr20	26182641	Duplication	neurodevelopmental,head_neck,cardiovascular,limbs	gnomAD-SV_v2.1_DUP_20_48921
chr11	23050508	chr11	24226463	Duplication	neurodevelopmental,head_neck,cardiovascular,limbs	gnomAD-SV_v2.1_DUP_11_31746
chr18	6935548	chr18	8087897	Duplication	neurodevelopmental,head_neck,cardiovascular,limbs	gnomAD-SV_v2.1_DUP_18_45227
chr10	127850732	chr10	128993488	Duplication	neurodevelopmental,head_neck,cardiovascular,limbs	gnomAD-SV_v2.1_DUP_10_30938
chr16	76634848	chr16	77774215	Duplication	neurodevelopmental,head_neck,cardiovascular,limbs	gnomAD-SV_v2.1_DUP_16_42581
chr12	126752297	chr12	127889686	Duplication	neurodevelopmental,head_neck,cardiovascular,limbs	gnomAD-SV_v2.1_DUP_12_35944
chr12	59839655	chr12	60973143	Deletion	neurodevelopmental,head_neck,cardiovascular,limbs	gnomAD-SV_v2.1_DEL_12_128985
chr7	125431802	chr7	126556668	Duplication	neurodevelopmental,head_neck,cardiovascular,limbs	gnomAD-SV_v2.1_DUP_7_22443
chr1	80131944	chr1	81225673	Duplication	neurodevelopmental,head_neck,cardiovascular,limbs	gnomAD-SV_v2.1_DUP_1_1580
chr7	9597004	chr7	10688800	Duplication	neurodevelopmental,head_neck,cardiovascular,limbs	gnomAD-SV_v2.1_DUP_7_20227
chr14	46170197	chr14	47254506	Duplication	neurodevelopmental,head_neck,cardiovascular,limbs	gnomAD-SV_v2.1_DUP_14_38360
chr4	21568689	chr4	22637545	Duplication	neurodevelopmental,head_neck,cardiovascular,limbs	gnomAD-SV_v2.1_DUP_4_11387
chr2	188446014	chr2	189500772	Deletion	neurodevelopmental,head_neck,cardiovascular,limbs	gnomAD-SV_v2.1_DEL_2_25307
chr2	33998775	chr2	35045755	Duplication	neurodevelopmental,head_neck,cardiovascular,limbs	gnomAD-SV_v2.1_DUP_2_4557
chr13	84467933	chr13	85512284	Duplication	neurodevelopmental,head_neck,cardiovascular,limbs	gnomAD-SV_v2.1_DUP_13_37288
chr8	59386186	chr8	60427626	Duplication	neurodevelopmental,head_neck,cardiovascular,limbs	gnomAD-SV_v2.1_DUP_8_24710
chr1	194474730	chr1	195498438	Duplication	neurodevelopmental,head_neck,cardiovascular,limbs	gnomAD-SV_v2.1_DUP_1_2893
chr5	117029302	chr5	118051961	Deletion	neurodevelopmental,head_neck,cardiovascular,limbs	gnomAD-SV_v2.1_DEL_5_61884
chr4	179129635	chr4	180137160	Deletion	neurodevelopmental,head_neck,cardiovascular,limbs	gnomAD-SV_v2.1_DEL_4_53103
chr12	37865384	chr12	38859570	Duplication	neurodevelopmental,head_neck,cardiovascular,limbs	gnomAD-SV_v2.1_DUP_12_34479
chr4	93147601	chr4	94137452	Deletion	neurodevelopmental,head_neck,cardiovascular,limbs	gnomAD-SV_v2.1_DEL_4_47837
chr8	73508365	chr8	74497922	Duplication	neurodevelopmental,head_neck,cardiovascular,limbs	gnomAD-SV_v2.1_DUP_8_24899
chr5	179103530	chr5	180092516	Duplication	neurodevelopmental,head_neck,cardiovascular,limbs	gnomAD-SV_v2.1_DUP_5_17059
chr1	80054367	chr1	81036849	Duplication	neurodevelopmental,head_neck,cardiovascular,limbs	gnomAD-SV_v2.1_DUP_1_1579
chr17	31958509	chr17	32937775	Duplication	neurodevelopmental,head_neck,cardiovascular,limbs	gnomAD-SV_v2.1_DUP_17_43919
chrX	63443350	chrX	64417701	Duplication	neurodevelopmental,head_neck,cardiovascular,limbs	gnomAD-SV_v2.1_DUP_X_53420
chr16	26413787	chr16	27385265	Duplication	neurodevelopmental,head_neck,cardiovascular,limbs	gnomAD-SV_v2.1_DUP_16_41823
chr14	49115958	chr14	50078531	Duplication	neurodevelopmental,head_neck,cardiovascular,limbs	gnomAD-SV_v2.1_DUP_14_38407
chr12	61253778	chr12	62197098	Duplication	neurodevelopmental,head_neck,cardiovascular,limbs	gnomAD-SV_v2.1_DUP_12_34961
chr6	92987349	chr6	93922474	Inversion	neurodevelopmental,head_neck,cardiovascular,limbs	gnomAD-SV_v2.1_INV_6_354
chr1	195627077	chr1	196549453	Deletion	neurodevelopmental,head_neck,cardiovascular,limbs	gnomAD-SV_v2.1_DEL_1_10615
chr4	162676084	chr4	163596403	Duplication	neurodevelopmental,head_neck,cardiovascular,limbs	gnomAD-SV_v2.1_DUP_4_13341
chr4	116851898	chr4	117768513	Duplication	neurodevelopmental,head_neck,cardiovascular,limbs	gnomAD-SV_v2.1_DUP_4_12701
chr7	16838050	chr7	17750712	Duplication	neurodevelopmental,head_neck,cardiovascular,limbs	gnomAD-SV_v2.1_DUP_7_20372
chr2	107894500	chr2	108806074	Duplication	neurodevelopmental,head_neck,cardiovascular,limbs	gnomAD-SV_v2.1_DUP_2_5657
chr1	189066819	chr1	189972655	Duplication	neurodevelopmental,head_neck,cardiovascular,limbs	gnomAD-SV_v2.1_DUP_1_2808
chr4	64318388	chr4	65222949	Deletion	neurodevelopmental,head_neck,cardiovascular,limbs	gnomAD-SV_v2.1_DEL_4_45991
chr14	45882180	chr14	46778196	Duplication	neurodevelopmental,head_neck,cardiovascular,limbs	gnomAD-SV_v2.1_DUP_14_38355
chr19	42937016	chr19	43829931	Duplication	neurodevelopmental,head_neck,cardiovascular,limbs	gnomAD-SV_v2.1_DUP_19_47824
chr2	116728604	chr2	117619584	Duplication	neurodevelopmental,head_neck,cardiovascular,limbs	gnomAD-SV_v2.1_DUP_2_5843
chr21	23692485	chr21	24580273	Duplication	neurodevelopmental,head_neck,cardiovascular,limbs	gnomAD-SV_v2.1_DUP_21_49914
chr8	3403508	chr8	4283678	Duplication	neurodevelopmental,head_neck,cardiovascular,limbs	gnomAD-SV_v2.1_DUP_8_23580
chr21	16424126	chr21	17301092	Inversion	neurodevelopmental,head_neck,cardiovascular,limbs	gnomAD-SV_v2.1_INV_21_818
chr3	65503558	chr3	66375625	Duplication	neurodevelopmental,head_neck,cardiovascular,limbs	gnomAD-SV_v2.1_DUP_3_8793
chr19	22339776	chr19	23211339	Duplication	neurodevelopmental,head_neck,cardiovascular,limbs	gnomAD-SV_v2.1_DUP_19_47329
chr17	71827921	chr17	72691000	Duplication	neurodevelopmental,head_neck,cardiovascular,limbs	gnomAD-SV_v2.1_DUP_17_44674
chr7	3813607	chr7	4674859	Duplication	neurodevelopmental,head_neck,cardiovascular,limbs	gnomAD-SV_v2.1_DUP_7_20065
chr4	33504406	chr4	34363635	Inversion	neurodevelopmental,head_neck,cardiovascular,limbs	gnomAD-SV_v2.1_INV_4_217
chr13	65713122	chr13	66570969	Duplication	neurodevelopmental,head_neck,cardiovascular,limbs	gnomAD-SV_v2.1_DUP_13_37016
chr2	99617897	chr2	100469272	Inversion	neurodevelopmental,head_neck,cardiovascular,limbs	gnomAD-SV_v2.1_INV_2_105
chr15	46176760	chr15	47027107	Duplication	neurodevelopmental,head_neck,cardiovascular,limbs	gnomAD-SV_v2.1_DUP_15_40014
chr2	229831720	chr2	230681293	Deletion	neurodevelopmental,head_neck,cardiovascular,limbs	gnomAD-SV_v2.1_DEL_2_27855
chr18	65686271	chr18	66533223	Duplication	neurodevelopmental,head_neck,cardiovascular,limbs	gnomAD-SV_v2.1_DUP_18_46057
chr2	130474474	chr2	131320198	Deletion	neurodevelopmental,head_neck,cardiovascular,limbs	gnomAD-SV_v2.1_DEL_2_22084
chr13	23701043	chr13	24541803	Duplication	neurodevelopmental,head_neck,cardiovascular,limbs	gnomAD-SV_v2.1_DUP_13_36409
chr14	83565969	chr14	84403734	Duplication	neurodevelopmental,head_neck,cardiovascular,limbs	gnomAD-SV_v2.1_DUP_14_38855
chr4	127826586	chr4	128662583	Duplication	neurodevelopmental,head_neck,cardiovascular,limbs	gnomAD-SV_v2.1_DUP_4_12834
chr5	65448366	chr5	66279770	Duplication	neurodevelopmental,head_neck,cardiovascular,limbs	gnomAD-SV_v2.1_DUP_5_15244
chr2	132857128	chr2	133682968	Duplication	neurodevelopmental,head_neck,cardiovascular,limbs	gnomAD-SV_v2.1_DUP_2_6168
chr6	123509664	chr6	124330720	Duplication	neurodevelopmental,head_neck,cardiovascular,limbs	gnomAD-SV_v2.1_DUP_6_18897
chr2	1506118	chr2	2325715	Duplication	neurodevelopmental,head_neck,cardiovascular,limbs	gnomAD-SV_v2.1_DUP_2_3973
chr5	168548220	chr5	169366068	Duplication	neurodevelopmental,head_neck,cardiovascular,limbs	gnomAD-SV_v2.1_DUP_5_16784
chr16	81989818	chr16	82806726	Duplication	neurodevelopmental,head_neck,cardiovascular,limbs	gnomAD-SV_v2.1_DUP_16_42697
chr5	33944375	chr5	34753824	Duplication	neurodevelopmental,head_neck,cardiovascular,limbs	gnomAD-SV_v2.1_DUP_5_14746
chr3	189416755	chr3	190222423	Duplication	neurodevelopmental,head_neck,cardiovascular,limbs	gnomAD-SV_v2.1_DUP_3_10509
chr5	96511038	chr5	97314567	Deletion	neurodevelopmental,head_neck,cardiovascular,limbs	gnomAD-SV_v2.1_DEL_5_60318
chr2	13536379	chr2	14339885	Duplication	neurodevelopmental,head_neck,cardiovascular,limbs	gnomAD-SV_v2.1_DUP_2_4267
chr11	18133424	chr11	18936070	Duplication	neurodevelopmental,head_neck,cardiovascular,limbs	gnomAD-SV_v2.1_DUP_11_31688
chr13	108368951	chr13	109170278	Duplication	neurodevelopmental,head_neck,cardiovascular,limbs	gnomAD-SV_v2.1_DUP_13_37593
chr18	54533638	chr18	55332520	Deletion	neurodevelopmental,head_neck,cardiovascular,limbs	gnomAD-SV_v2.1_DEL_18_166715
chr10	2503037	chr10	3299942	Duplication	neurodevelopmental,head_neck,cardiovascular,limbs	gnomAD-SV_v2.1_DUP_10_28968
chr1	74157343	chr1	74953682	Duplication	neurodevelopmental,head_neck,cardiovascular,limbs	gnomAD-SV_v2.1_DUP_1_1504
chr17	44957093	chr17	45748956	Duplication	neurodevelopmental,head_neck,cardiovascular,limbs	gnomAD-SV_v2.1_DUP_17_44217
chr3	561983	chr3	1352988	Duplication	neurodevelopmental,head_neck,cardiovascular,limbs	gnomAD-SV_v2.1_DUP_3_7783
chr18	57840528	chr18	58631092	Duplication	neurodevelopmental,head_neck,cardiovascular,limbs	gnomAD-SV_v2.1_DUP_18_45948
chr3	1244169	chr3	2029333	Duplication	neurodevelopmental,head_neck,cardiovascular,limbs	gnomAD-SV_v2.1_DUP_3_7821
chr2	131978161	chr2	132761872	Deletion	neurodevelopmental,head_neck,cardiovascular,limbs	gnomAD-SV_v2.1_DEL_2_22221
chr2	81503859	chr2	82285492	Duplication	neurodevelopmental,head_neck,cardiovascular,limbs	gnomAD-SV_v2.1_DUP_2_5243
chr8	106098325	chr8	106878171	Inversion	neurodevelopmental,head_neck,cardiovascular,limbs	gnomAD-SV_v2.1_INV_8_463
chr3	122280164	chr3	123057304	Duplication	neurodevelopmental,head_neck,cardiovascular,limbs	gnomAD-SV_v2.1_DUP_3_9565
chr7	49685606	chr7	50457720	Duplication	neurodevelopmental,head_neck,cardiovascular,limbs	gnomAD-SV_v2.1_DUP_7_20862
chr18	63891354	chr18	64663174	Deletion	neurodevelopmental,head_neck,cardiovascular,limbs	gnomAD-SV_v2.1_DEL_18_167314
chr12	24229748	chr12	24988958	Duplication	neurodevelopmental,head_neck,cardiovascular,limbs	gnomAD-SV_v2.1_DUP_12_34213
chr19	23733787	chr19	24487949	Duplication	neurodevelopmental,head_neck,cardiovascular,limbs	gnomAD-SV_v2.1_DUP_19_47382
chr7	10632575	chr7	11385620	Duplication	neurodevelopmental,head_neck,cardiovascular,limbs	gnomAD-SV_v2.1_DUP_7_20255
chr5	79233938	chr5	79986851	Duplication	neurodevelopmental,head_neck,cardiovascular,limbs	gnomAD-SV_v2.1_DUP_5_15584
chr16	73784179	chr16	74534697	Duplication	neurodevelopmental,head_neck,cardiovascular,limbs	gnomAD-SV_v2.1_DUP_16_42525
chr11	99889070	chr11	100632725	Duplication	neurodevelopmental,head_neck,cardiovascular,limbs	gnomAD-SV_v2.1_DUP_11_33200
chr5	19330008	chr5	20072102	Deletion	neurodevelopmental,head_neck,cardiovascular,limbs	gnomAD-SV_v2.1_DEL_5_55524
chrX	667462	chrX	1407140	Duplication	neurodevelopmental,head_neck,cardiovascular,limbs	gnomAD-SV_v2.1_DUP_X_52078
chrX	130154407	chrX	130893356	Duplication	neurodevelopmental,head_neck,cardiovascular,limbs	gnomAD-SV_v2.1_DUP_X_54261
chr11	55638458	chr11	56369711	Duplication	neurodevelopmental,head_neck,cardiovascular,limbs	gnomAD-SV_v2.1_DUP_11_32458
chr3	120845679	chr3	121576564	Duplication	neurodevelopmental,head_neck,cardiovascular,limbs	gnomAD-SV_v2.1_DUP_3_9550
chrX	93413057	chrX	94143872	Duplication	neurodevelopmental,head_neck,cardiovascular,limbs	gnomAD-SV_v2.1_DUP_X_53838
chr1	84762782	chr1	85491963	Deletion	neurodevelopmental,head_neck,cardiovascular,limbs	gnomAD-SV_v2.1_DEL_1_5495
chr1	247959952	chr1	248686955	Duplication	neurodevelopmental,head_neck,cardiovascular,limbs	gnomAD-SV_v2.1_DUP_1_3784
chr6	68208798	chr6	68934749	Duplication	neurodevelopmental,head_neck,cardiovascular,limbs	gnomAD-SV_v2.1_DUP_6_18145
chr6	76536398	chr6	77260271	Duplication	neurodevelopmental,head_neck,cardiovascular,limbs	gnomAD-SV_v2.1_DUP_6_18297
chr2	312654	chr2	1035805	Duplication	neurodevelopmental,head_neck,cardiovascular,limbs	gnomAD-SV_v2.1_DUP_2_3884
chr7	64533006	chr7	65255531	Deletion	neurodevelopmental,head_neck,cardiovascular,limbs	gnomAD-SV_v2.1_DEL_7_81833
chr6	162548934	chr6	163269984	Duplication	neurodevelopmental,head_neck,cardiovascular,limbs	gnomAD-SV_v2.1_DUP_6_19447
chrX	716229	chrX	1436505	Duplication	neurodevelopmental,head_neck,cardiovascular,limbs	gnomAD-SV_v2.1_DUP_X_52089
chr1	248070032	chr1	248787097	Duplication	neurodevelopmental,head_neck,cardiovascular,limbs	gnomAD-SV_v2.1_DUP_1_3789
chr4	154554684	chr4	155271025	Duplication	neurodevelopmental,head_neck,cardiovascular,limbs	gnomAD-SV_v2.1_DUP_4_13214
chrX	11422760	chrX	12135233	Duplication	neurodevelopmental,head_neck,cardiovascular,limbs	gnomAD-SV_v2.1_DUP_X_52632
chr9	10796557	chr9	11506759	Duplication	neurodevelopmental,head_neck,cardiovascular,limbs	gnomAD-SV_v2.1_DUP_9_26382
chr4	31693844	chr4	32400398	Deletion	neurodevelopmental,head_neck,cardiovascular,limbs	gnomAD-SV_v2.1_DEL_4_43806
chr7	10862931	chr7	11569139	Duplication	neurodevelopmental,head_neck,cardiovascular,limbs	gnomAD-SV_v2.1_DUP_7_20261
chr2	32628880	chr2	33332483	Duplication	neurodevelopmental,head_neck,cardiovascular,limbs	gnomAD-SV_v2.1_DUP_2_4527
chr7	81800446	chr7	82502679	Duplication	neurodevelopmental,head_neck,cardiovascular,limbs	gnomAD-SV_v2.1_DUP_7_21795
chr8	46913618	chr8	47610525	Duplication	neurodevelopmental,head_neck,cardiovascular,limbs	gnomAD-SV_v2.1_DUP_8_24420
chr12	3170200	chr12	3853154	Duplication	neurodevelopmental,head_neck,cardiovascular,limbs	gnomAD-SV_v2.1_DUP_12_33843
chr1	30242165	chr1	30924316	Duplication	neurodevelopmental,head_neck,cardiovascular,limbs	gnomAD-SV_v2.1_DUP_1_866
chr12	129803013	chr12	130485113	Duplication	neurodevelopmental,head_neck,cardiovascular,limbs	gnomAD-SV_v2.1_DUP_12_36013
chr13	87001100	chr13	87682513	Duplication	neurodevelopmental,head_neck,cardiovascular,limbs	gnomAD-SV_v2.1_DUP_13_37340
chr7	62039072	chr7	62716747	Duplication	neurodevelopmental,head_neck,cardiovascular,limbs	gnomAD-SV_v2.1_DUP_7_21132
chr12	37976944	chr12	38654107	Duplication	neurodevelopmental,head_neck,cardiovascular,limbs	gnomAD-SV_v2.1_DUP_12_34482
chr20	8723562	chr20	9399178	Duplication	neurodevelopmental,head_neck,cardiovascular,limbs	gnomAD-SV_v2.1_DUP_20_48699
chr7	53141947	chr7	53814201	Deletion	neurodevelopmental,head_neck,cardiovascular,limbs	gnomAD-SV_v2.1_DEL_7_81028
chr12	38293359	chr12	38963424	Duplication	neurodevelopmental,head_neck,cardiovascular,limbs	gnomAD-SV_v2.1_DUP_12_34541
chr3	175079260	chr3	175747435	Deletion	neurodevelopmental,head_neck,cardiovascular,limbs	gnomAD-SV_v2.1_DEL_3_39852
chr6	63032387	chr6	63699936	Duplication	neurodevelopmental,head_neck,cardiovascular,limbs	gnomAD-SV_v2.1_DUP_6_18048
chr1	246120516	chr1	246786805	Duplication	neurodevelopmental,head_neck,cardiovascular,limbs	gnomAD-SV_v2.1_DUP_1_3711
chr4	117808456	chr4	118474157	Duplication	neurodevelopmental,head_neck,cardiovascular,limbs	gnomAD-SV_v2.1_DUP_4_12716
chr7	62051401	chr7	62716747	Duplication	neurodevelopmental,head_neck,cardiovascular,limbs	gnomAD-SV_v2.1_DUP_7_21134
chr8	10198614	chr8	10859256	Duplication	neurodevelopmental,head_neck,cardiovascular,limbs	gnomAD-SV_v2.1_DUP_8_23754
chr1	107979357	chr1	108633962	Duplication	neurodevelopmental,head_neck,cardiovascular,limbs	gnomAD-SV_v2.1_DUP_1_1964
chr6	1157243	chr6	1803232	Duplication	neurodevelopmental,head_neck,cardiovascular,limbs	gnomAD-SV_v2.1_DUP_6_17195
chrX	65254225	chrX	65900016	Duplication	neurodevelopmental,head_neck,cardiovascular,limbs	gnomAD-SV_v2.1_DUP_X_53453
chr3	98611626	chr3	99257099	Duplication	neurodevelopmental,head_neck,cardiovascular,limbs	gnomAD-SV_v2.1_DUP_3_9292
chr1	152648170	chr1	153289950	Duplication	neurodevelopmental,head_neck,cardiovascular,limbs	gnomAD-SV_v2.1_DUP_1_2327
chr4	27185737	chr4	27827213	Duplication	neurodevelopmental,head_neck,cardiovascular,limbs	gnomAD-SV_v2.1_DUP_4_11466
chr2	132718175	chr2	133358774	Duplication	neurodevelopmental,head_neck,cardiovascular,limbs	gnomAD-SV_v2.1_DUP_2_6165
chr1	18027719	chr1	18662947	Duplication	neurodevelopmental,head_neck,cardiovascular,limbs	gnomAD-SV_v2.1_DUP_1_613
chr9	9197045	chr9	9829172	Deletion	neurodevelopmental,head_neck,cardiovascular,limbs	gnomAD-SV_v2.1_DEL_9_99273
chr6	78847816	chr6	79479628	Duplication	neurodevelopmental,head_neck,cardiovascular,limbs	gnomAD-SV_v2.1_DUP_6_18333
chr7	57253302	chr7	57882859	Duplication	neurodevelopmental,head_neck,cardiovascular,limbs	gnomAD-SV_v2.1_DUP_7_21033
chr4	5960238	chr4	6587328	Duplication	neurodevelopmental,head_neck,cardiovascular,limbs	gnomAD-SV_v2.1_DUP_4_11083
chr6	162588265	chr6	163210168	Duplication	neurodevelopmental,head_neck,cardiovascular,limbs	gnomAD-SV_v2.1_DUP_6_19451
chr5	29693130	chr5	30314874	Deletion	neurodevelopmental,head_neck,cardiovascular,limbs	gnomAD-SV_v2.1_DEL_5_56320
chr6	37390285	chr6	38011768	Duplication	neurodevelopmental,head_neck,cardiovascular,limbs	gnomAD-SV_v2.1_DUP_6_17700
chr1	30559051	chr1	31179228	Deletion	neurodevelopmental,head_neck,cardiovascular,limbs	gnomAD-SV_v2.1_DEL_1_2294
chr14	22095568	chr14	22713973	Duplication	neurodevelopmental,head_neck,cardiovascular,limbs	gnomAD-SV_v2.1_DUP_14_37948
chr14	46118024	chr14	46735975	Duplication	neurodevelopmental,head_neck,cardiovascular,limbs	gnomAD-SV_v2.1_DUP_14_38359
chr10	67779417	chr10	68393687	Duplication	neurodevelopmental,head_neck,cardiovascular,limbs	gnomAD-SV_v2.1_DUP_10_30068
chr22	49389820	chr22	50002848	Duplication	neurodevelopmental,head_neck,cardiovascular,limbs	gnomAD-SV_v2.1_DUP_22_51763
chr1	245097877	chr1	245697677	Duplication	neurodevelopmental,head_neck,cardiovascular,limbs	gnomAD-SV_v2.1_DUP_1_3688
chr3	17207193	chr3	17804919	Duplication	neurodevelopmental,head_neck,cardiovascular,limbs	gnomAD-SV_v2.1_DUP_3_8120
chr4	163173217	chr4	163768733	Deletion	neurodevelopmental,head_neck,cardiovascular,limbs	gnomAD-SV_v2.1_DEL_4_51960
chr18	63349465	chr18	63944440	Inversion	neurodevelopmental,head_neck,cardiovascular,limbs	gnomAD-SV_v2.1_INV_18_766
chr7	152937041	chr7	153528827	Duplication	neurodevelopmental,head_neck,cardiovascular,limbs	gnomAD-SV_v2.1_DUP_7_22970
chrX	77357461	chrX	77948729	Duplication	neurodevelopmental,head_neck,cardiovascular,limbs	gnomAD-SV_v2.1_DUP_X_53627
chr2	96153104	chr2	96744038	Duplication	neurodevelopmental,head_neck,cardiovascular,limbs	gnomAD-SV_v2.1_DUP_2_5456
chr5	42789422	chr5	43374479	Duplication	neurodevelopmental,head_neck,cardiovascular,limbs	gnomAD-SV_v2.1_DUP_5_14871
chr3	1659082	chr3	2243992	Duplication	neurodevelopmental,head_neck,cardiovascular,limbs	gnomAD-SV_v2.1_DUP_3_7834
chr13	62824764	chr13	63408377	Duplication	neurodevelopmental,head_neck,cardiovascular,limbs	gnomAD-SV_v2.1_DUP_13_36947
chr4	118058629	chr4	118641559	Inversion	neurodevelopmental,head_neck,cardiovascular,limbs	gnomAD-SV_v2.1_INV_4_243
chr8	43032763	chr8	43615586	Duplication	neurodevelopmental,head_neck,cardiovascular,limbs	gnomAD-SV_v2.1_DUP_8_24319
chr9	140036218	chr9	140618497	Duplication	neurodevelopmental,head_neck,cardiovascular,limbs	gnomAD-SV_v2.1_DUP_9_28728
chr8	53308475	chr8	53887309	Duplication	neurodevelopmental,head_neck,cardiovascular,limbs	gnomAD-SV_v2.1_DUP_8_24588
chr1	208537572	chr1	209115625	Duplication	neurodevelopmental,head_neck,cardiovascular,limbs	gnomAD-SV_v2.1_DUP_1_3112
chr3	7768120	chr3	8345710	Deletion	neurodevelopmental,head_neck,cardiovascular,limbs	gnomAD-SV_v2.1_DEL_3_29646
chr8	1704860	chr8	2281924	Duplication	neurodevelopmental,head_neck,cardiovascular,limbs	gnomAD-SV_v2.1_DUP_8_23446
chrX	859914	chrX	1433961	Duplication	neurodevelopmental,head_neck,cardiovascular,limbs	gnomAD-SV_v2.1_DUP_X_52123
chr7	54651292	chr7	55219856	Duplication	neurodevelopmental,head_neck,cardiovascular,limbs	gnomAD-SV_v2.1_DUP_7_20963
chrX	62166201	chrX	62734585	Duplication	neurodevelopmental,head_neck,cardiovascular,limbs	gnomAD-SV_v2.1_DUP_X_53398
chr6	1924343	chr6	2490863	Duplication	neurodevelopmental,head_neck,cardiovascular,limbs	gnomAD-SV_v2.1_DUP_6_17213
chr3	147929984	chr3	148495809	Deletion	neurodevelopmental,head_neck,cardiovascular,limbs	gnomAD-SV_v2.1_DEL_3_38178
chr5	124423226	chr5	124988570	Inversion	neurodevelopmental,head_neck,cardiovascular,limbs	gnomAD-SV_v2.1_INV_5_299
chr3	19642493	chr3	20205465	Duplication	neurodevelopmental,head_neck,cardiovascular,limbs	gnomAD-SV_v2.1_DUP_3_8148
chr5	120218511	chr5	120778633	Deletion	neurodevelopmental,head_neck,cardiovascular,limbs	gnomAD-SV_v2.1_DEL_5_62137
chrX	96626678	chrX	97182361	Duplication	neurodevelopmental,head_neck,cardiovascular,limbs	gnomAD-SV_v2.1_DUP_X_53886
chr1	33869824	chr1	34425125	Duplication	neurodevelopmental,head_neck,cardiovascular,limbs	gnomAD-SV_v2.1_DUP_1_944
chr11	114525131	chr11	115080156	Duplication	neurodevelopmental,head_neck,cardiovascular,limbs	gnomAD-SV_v2.1_DUP_11_33402
chr2	188471479	chr2	189026372	Duplication	neurodevelopmental,head_neck,cardiovascular,limbs	gnomAD-SV_v2.1_DUP_2_6789
chr15	31963419	chr15	32517925	Duplication	neurodevelopmental,head_neck,cardiovascular,limbs	gnomAD-SV_v2.1_DUP_15_39764
chr7	17870649	chr7	18425089	Duplication	neurodevelopmental,head_neck,cardiovascular,limbs	gnomAD-SV_v2.1_DUP_7_20404
chrX	148892608	chrX	149443888	Duplication	neurodevelopmental,head_neck,cardiovascular,limbs	gnomAD-SV_v2.1_DUP_X_54568
chr19	20053589	chr19	20602389	Duplication	neurodevelopmental,head_neck,cardiovascular,limbs	gnomAD-SV_v2.1_DUP_19_47236
chrX	94174948	chrX	94722850	Deletion	neurodevelopmental,head_neck,cardiovascular,limbs	gnomAD-SV_v2.1_DEL_X_188212
chr7	6826557	chr7	7374364	Duplication	neurodevelopmental,head_neck,cardiovascular,limbs	gnomAD-SV_v2.1_DUP_7_20173
chr1	92159751	chr1	92706321	Duplication	neurodevelopmental,head_neck,cardiovascular,limbs	gnomAD-SV_v2.1_DUP_1_1723
chr5	76984742	chr5	77528458	Duplication	neurodevelopmental,head_neck,cardiovascular,limbs	gnomAD-SV_v2.1_DUP_5_15539
chr5	12312229	chr5	12855533	Deletion	neurodevelopmental,head_neck,cardiovascular,limbs	gnomAD-SV_v2.1_DEL_5_54889
chr6	162532483	chr6	163075225	Duplication	neurodevelopmental,head_neck,cardiovascular,limbs	gnomAD-SV_v2.1_DUP_6_19446
chr9	30140812	chr9	30682174	Deletion	neurodevelopmental,head_neck,cardiovascular,limbs	gnomAD-SV_v2.1_DEL_9_101181
chr2	2782452	chr2	3321570	Duplication	neurodevelopmental,head_neck,cardiovascular,limbs	gnomAD-SV_v2.1_DUP_2_4065
chr12	119475302	chr12	120010014	Duplication	neurodevelopmental,head_neck,cardiovascular,limbs	gnomAD-SV_v2.1_DUP_12_35751
chr16	85703143	chr16	86236744	Duplication	neurodevelopmental,head_neck,cardiovascular,limbs	gnomAD-SV_v2.1_DUP_16_42791
chr15	34802629	chr15	35336031	Duplication	neurodevelopmental,head_neck,cardiovascular,limbs	gnomAD-SV_v2.1_DUP_15_39837
chr9	54009	chr9	586788	Duplication	neurodevelopmental,head_neck,cardiovascular,limbs	gnomAD-SV_v2.1_DUP_9_26163
chr13	71357974	chr13	71888586	Deletion	neurodevelopmental,head_neck,cardiovascular,limbs	gnomAD-SV_v2.1_DEL_13_137307
chrX	1694277	chrX	2224576	Duplication	neurodevelopmental,head_neck,cardiovascular,limbs	gnomAD-SV_v2.1_DUP_X_52304
chr6	167731783	chr6	168261430	Duplication	neurodevelopmental,head_neck,cardiovascular,limbs	gnomAD-SV_v2.1_DUP_6_19579
chrX	69686268	chrX	70214986	Duplication	neurodevelopmental,head_neck,cardiovascular,limbs	gnomAD-SV_v2.1_DUP_X_53513
chr20	58570993	chr20	59099389	Deletion	neurodevelopmental,head_neck,cardiovascular,limbs	gnomAD-SV_v2.1_DEL_20_178175
chr18	4403271	chr18	4931393	Duplication	neurodevelopmental,head_neck,cardiovascular,limbs	gnomAD-SV_v2.1_DUP_18_45194
chr7	151752141	chr7	152279954	Duplication	neurodevelopmental,head_neck,cardiovascular,limbs	gnomAD-SV_v2.1_DUP_7_22903
chr8	46998985	chr8	47525290	Duplication	neurodevelopmental,head_neck,cardiovascular,limbs	gnomAD-SV_v2.1_DUP_8_24433
chr3	126160794	chr3	126686832	Duplication	neurodevelopmental,head_neck,cardiovascular,limbs	gnomAD-SV_v2.1_DUP_3_9616
chr6	167678466	chr6	168204187	Duplication	neurodevelopmental,head_neck,cardiovascular,limbs	gnomAD-SV_v2.1_DUP_6_19575
chr10	92082390	chr10	92606098	Duplication	neurodevelopmental,head_neck,cardiovascular,limbs	gnomAD-SV_v2.1_DUP_10_30435
chrX	416625	chrX	938341	Duplication	neurodevelopmental,head_neck,cardiovascular,limbs	gnomAD-SV_v2.1_DUP_X_51989
chr1	235296067	chr1	235813258	Duplication	neurodevelopmental,head_neck,cardiovascular,limbs	gnomAD-SV_v2.1_DUP_1_3493
chr8	104362102	chr8	104878600	Duplication	neurodevelopmental,head_neck,cardiovascular,limbs	gnomAD-SV_v2.1_DUP_8_25335
chr13	43361522	chr13	43877001	Duplication	neurodevelopmental,head_neck,cardiovascular,limbs	gnomAD-SV_v2.1_DUP_13_36657
chr10	133245324	chr10	133760170	Duplication	neurodevelopmental,head_neck,cardiovascular,limbs	gnomAD-SV_v2.1_DUP_10_31027
chr2	4122954	chr2	4636165	Deletion	neurodevelopmental,head_neck,cardiovascular,limbs	gnomAD-SV_v2.1_DEL_2_14288
chr5	64756245	chr5	65269007	Duplication	neurodevelopmental,head_neck,cardiovascular,limbs	gnomAD-SV_v2.1_DUP_5_15228
chr15	53455759	chr15	53967511	Duplication	neurodevelopmental,head_neck,cardiovascular,limbs	gnomAD-SV_v2.1_DUP_15_40101
chrX	1750072	chrX	2261434	Duplication	neurodevelopmental,head_neck,cardiovascular,limbs	gnomAD-SV_v2.1_DUP_X_52329
chr16	74065566	chr16	74576892	Duplication	neurodevelopmental,head_neck,cardiovascular,limbs	gnomAD-SV_v2.1_DUP_16_42528
chr5	177835171	chr5	178344087	Duplication	neurodevelopmental,head_neck,cardiovascular,limbs	gnomAD-SV_v2.1_DUP_5_16995
chr3	33830689	chr3	34339225	Duplication	neurodevelopmental,head_neck,cardiovascular,limbs	gnomAD-SV_v2.1_DUP_3_8335
chr3	166178126	chr3	166686618	Deletion	neurodevelopmental,head_neck,cardiovascular,limbs	gnomAD-SV_v2.1_DEL_3_39334
chr9	11942777	chr9	12450883	Deletion	neurodevelopmental,head_neck,cardiovascular,limbs	gnomAD-SV_v2.1_DEL_9_99676
chr7	17174744	chr7	17682502	Duplication	neurodevelopmental,head_neck,cardiovascular,limbs	gnomAD-SV_v2.1_DUP_7_20389
chr21	22554014	chr21	23060996	Duplication	neurodevelopmental,head_neck,cardiovascular,limbs	gnomAD-SV_v2.1_DUP_21_49893
chr12	33470580	chr12	33977385	Duplication	neurodevelopmental,head_neck,cardiovascular,limbs	gnomAD-SV_v2.1_DUP_12_34358
chr5	53311181	chr5	53817697	Duplication	neurodevelopmental,head_neck,cardiovascular,limbs	gnomAD-SV_v2.1_DUP_5_15088
chr9	116950968	chr9	117456996	Duplication	neurodevelopmental,head_neck,cardiovascular,limbs	gnomAD-SV_v2.1_DUP_9_28175
chr7	63352507	chr7	63858518	Duplication	neurodevelopmental,head_neck,cardiovascular,limbs	gnomAD-SV_v2.1_DUP_7_21267
chrX	143573536	chrX	144077135	Duplication	neurodevelopmental,head_neck,cardiovascular,limbs	gnomAD-SV_v2.1_DUP_X_54479
chr3	7454783	chr3	7957567	Duplication	neurodevelopmental,head_neck,cardiovascular,limbs	gnomAD-SV_v2.1_DUP_3_7950
chrX	20216624	chrX	20718459	Duplication	neurodevelopmental,head_neck,cardiovascular,limbs	gnomAD-SV_v2.1_DUP_X_52745
chrX	141525880	chrX	142027376	Duplication	neurodevelopmental,head_neck,cardiovascular,limbs	gnomAD-SV_v2.1_DUP_X_54452
chr7	16915366	chr7	17416821	Duplication	neurodevelopmental,head_neck,cardiovascular,limbs	gnomAD-SV_v2.1_DUP_7_20377
chr10	110280748	chr10	110780224	Duplication	neurodevelopmental,head_neck,cardiovascular,limbs	gnomAD-SV_v2.1_DUP_10_30703
chr7	23950848	chr7	24450132	Duplication	neurodevelopmental,head_neck,cardiovascular,limbs	gnomAD-SV_v2.1_DUP_7_20496
chr1	174236655	chr1	174735243	Duplication	neurodevelopmental,head_neck,cardiovascular,limbs	gnomAD-SV_v2.1_DUP_1_2635
chr9	11731168	chr9	12228059	Deletion	neurodevelopmental,head_neck,cardiovascular,limbs	gnomAD-SV_v2.1_DEL_9_99581
chr14	42640938	chr14	43137520	Deletion	neurodevelopmental,head_neck,cardiovascular,limbs	gnomAD-SV_v2.1_DEL_14_141790
chr5	96775898	chr5	97272389	Deletion	neurodevelopmental,head_neck,cardiovascular,limbs	gnomAD-SV_v2.1_DEL_5_60339
chr5	23669527	chr5	24164825	Duplication	neurodevelopmental,head_neck,cardiovascular,limbs	gnomAD-SV_v2.1_DUP_5_14592
chr7	117848997	chr7	118342778	Inversion	neurodevelopmental,head_neck,cardiovascular,limbs	gnomAD-SV_v2.1_INV_7_412
chr13	20038616	chr13	20531707	Duplication	neurodevelopmental,head_neck,cardiovascular,limbs	gnomAD-SV_v2.1_DUP_13_36310
chr5	65813866	chr5	66306344	Deletion	neurodevelopmental,head_neck,cardiovascular,limbs	gnomAD-SV_v2.1_DEL_5_58564
chrX	101940514	chrX	102432287	Deletion	neurodevelopmental,head_neck,cardiovascular,limbs	gnomAD-SV_v2.1_DEL_X_188536
chr1	217987894	chr1	218476478	Duplication	neurodevelopmental,head_neck,cardiovascular,limbs	gnomAD-SV_v2.1_DUP_1_3235
chr5	432150	chr5	919355	Duplication	neurodevelopmental,head_neck,cardiovascular,limbs	gnomAD-SV_v2.1_DUP_5_14039
chr8	89513578	chr8	89996516	Deletion	neurodevelopmental,head_neck,cardiovascular,limbs	gnomAD-SV_v2.1_DEL_8_94733
chrX	57242510	chrX	57725097	Deletion	neurodevelopmental,head_neck,cardiovascular,limbs	gnomAD-SV_v2.1_DEL_X_186510
chr4	30713190	chr4	31195648	Duplication	neurodevelopmental,head_neck,cardiovascular,limbs	gnomAD-SV_v2.1_DUP_4_11509
chr18	35635484	chr18	36117779	Inversion	neurodevelopmental,head_neck,cardiovascular,limbs	gnomAD-SV_v2.1_INV_18_760
chr14	49445835	chr14	49927668	Duplication	neurodevelopmental,head_neck,cardiovascular,limbs	gnomAD-SV_v2.1_DUP_14_38413
chr11	107478569	chr11	107960261	Duplication	neurodevelopmental,head_neck,cardiovascular,limbs	gnomAD-SV_v2.1_DUP_11_33298
chrX	24518709	chrX	24997067	Duplication	neurodevelopmental,head_neck,cardiovascular,limbs	gnomAD-SV_v2.1_DUP_X_52807
chr22	42845484	chr22	43323767	Duplication	neurodevelopmental,head_neck,cardiovascular,limbs	gnomAD-SV_v2.1_DUP_22_51489
chrX	8410748	chrX	8887268	Duplication	neurodevelopmental,head_neck,cardiovascular,limbs	gnomAD-SV_v2.1_DUP_X_52586
chr18	11245559	chr18	11720443	Duplication	neurodevelopmental,head_neck,cardiovascular,limbs	gnomAD-SV_v2.1_DUP_18_45305
chr2	3680042	chr2	4154271	Duplication	neurodevelopmental,head_neck,cardiovascular,limbs	gnomAD-SV_v2.1_DUP_2_4106
chr22	25654370	chr22	26126484	Duplication	neurodevelopmental,head_neck,cardiovascular,limbs	gnomAD-SV_v2.1_DUP_22_51069
chr3	195272343	chr3	195742942	Duplication	neurodevelopmental,head_neck,cardiovascular,limbs	gnomAD-SV_v2.1_DUP_3_10616
chr6	94738112	chr6	95207737	Deletion	neurodevelopmental,head_neck,cardiovascular,limbs	gnomAD-SV_v2.1_DEL_6_71918
chr6	162551417	chr6	163020954	Duplication	neurodevelopmental,head_neck,cardiovascular,limbs	gnomAD-SV_v2.1_DUP_6_19448
chr3	41356548	chr3	41825445	Deletion	neurodevelopmental,head_neck,cardiovascular,limbs	gnomAD-SV_v2.1_DEL_3_31777
chrX	85308330	chrX	85776280	Duplication	neurodevelopmental,head_neck,cardiovascular,limbs	gnomAD-SV_v2.1_DUP_X_53731
chr1	247862607	chr1	248330246	Duplication	neurodevelopmental,head_neck,cardiovascular,limbs	gnomAD-SV_v2.1_DUP_1_3776
chr10	19644499	chr10	20111311	Deletion	neurodevelopmental,head_neck,cardiovascular,limbs	gnomAD-SV_v2.1_DEL_10_108389
chr3	3861343	chr3	4327047	Duplication	neurodevelopmental,head_neck,cardiovascular,limbs	gnomAD-SV_v2.1_DUP_3_7886
chr5	123345741	chr5	123811180	Deletion	neurodevelopmental,head_neck,cardiovascular,limbs	gnomAD-SV_v2.1_DEL_5_62352
chr18	24741269	chr18	25204808	Duplication	neurodevelopmental,head_neck,cardiovascular,limbs	gnomAD-SV_v2.1_DUP_18_45496
chr2	201164867	chr2	201626427	Duplication	neurodevelopmental,head_neck,cardiovascular,limbs	gnomAD-SV_v2.1_DUP_2_6949
chr10	19938091	chr10	20399460	Deletion	neurodevelopmental,head_neck,cardiovascular,limbs	gnomAD-SV_v2.1_DEL_10_108417
chr6	162552676	chr6	163011796	Duplication	neurodevelopmental,head_neck,cardiovascular,limbs	gnomAD-SV_v2.1_DUP_6_19449
chr20	14658465	chr20	15117581	Deletion	neurodevelopmental,head_neck,cardiovascular,limbs	gnomAD-SV_v2.1_DEL_20_175321
chr2	197015	chr2	655135	Duplication	neurodevelopmental,head_neck,cardiovascular,limbs	gnomAD-SV_v2.1_DUP_2_3876
chrX	127414327	chrX	127872371	Deletion	neurodevelopmental,head_neck,cardiovascular,limbs	gnomAD-SV_v2.1_DEL_X_189599
chr2	152714283	chr2	153172121	Duplication	neurodevelopmental,head_neck,cardiovascular,limbs	gnomAD-SV_v2.1_DUP_2_6390
chr5	12780290	chr5	13237861	Duplication	neurodevelopmental,head_neck,cardiovascular,limbs	gnomAD-SV_v2.1_DUP_5_14427
chr11	25148707	chr11	25605723	Deletion	neurodevelopmental,head_neck,cardiovascular,limbs	gnomAD-SV_v2.1_DEL_11_117319
chr9	71660478	chr9	72115999	Duplication	neurodevelopmental,head_neck,cardiovascular,limbs	gnomAD-SV_v2.1_DUP_9_27506
chr10	42672971	chr10	43127833	Duplication	neurodevelopmental,head_neck,cardiovascular,limbs	gnomAD-SV_v2.1_DUP_10_29624
chr4	71969	chr4	524981	Duplication	neurodevelopmental,head_neck,cardiovascular,limbs	gnomAD-SV_v2.1_DUP_4_10813
chrX	57724657	chrX	58177219	Duplication	neurodevelopmental,head_neck,cardiovascular,limbs	gnomAD-SV_v2.1_DUP_X_53289
chr3	2071182	chr3	2519892	Duplication	neurodevelopmental,head_neck,cardiovascular,limbs	gnomAD-SV_v2.1_DUP_3_7856
chrX	14717648	chrX	15165867	Duplication	neurodevelopmental,head_neck,cardiovascular,limbs	gnomAD-SV_v2.1_DUP_X_52663
chr16	6699729	chr16	7147942	Duplication	neurodevelopmental,head_neck,cardiovascular,limbs	gnomAD-SV_v2.1_DUP_16_41226
chr9	11672243	chr9	12119881	Deletion	neurodevelopmental,head_neck,cardiovascular,limbs	gnomAD-SV_v2.1_DEL_9_99570
chrX	54927331	chrX	55374664	Duplication	neurodevelopmental,head_neck,cardiovascular,limbs	gnomAD-SV_v2.1_DUP_X_53247
chr9	54009	chr9	501306	Duplication	neurodevelopmental,head_neck,cardiovascular,limbs	gnomAD-SV_v2.1_DUP_9_26162
chr3	173928574	chr3	174374834	Duplication	neurodevelopmental,head_neck,cardiovascular,limbs	gnomAD-SV_v2.1_DUP_3_10237
chr5	103958778	chr5	104405007	Deletion	neurodevelopmental,head_neck,cardiovascular,limbs	gnomAD-SV_v2.1_DEL_5_60880
chr2	112531324	chr2	112977198	Duplication	neurodevelopmental,head_neck,cardiovascular,limbs	gnomAD-SV_v2.1_DUP_2_5793
chr15	24089936	chr15	24535690	Duplication	neurodevelopmental,head_neck,cardiovascular,limbs	gnomAD-SV_v2.1_DUP_15_39511
chr10	2688811	chr10	3134306	Duplication	neurodevelopmental,head_neck,cardiovascular,limbs	gnomAD-SV_v2.1_DUP_10_28976
chr11	134178880	chr11	134624279	Duplication	neurodevelopmental,head_neck,cardiovascular,limbs	gnomAD-SV_v2.1_DUP_11_33694
chr11	132823974	chr11	133268648	Duplication	neurodevelopmental,head_neck,cardiovascular,limbs	gnomAD-SV_v2.1_DUP_11_33674
chrX	64324794	chrX	64768880	Duplication	neurodevelopmental,head_neck,cardiovascular,limbs	gnomAD-SV_v2.1_DUP_X_53436
chr11	81921239	chr11	82363441	Duplication	neurodevelopmental,head_neck,cardiovascular,limbs	gnomAD-SV_v2.1_DUP_11_32953
chr6	37546141	chr6	37987743	Duplication	neurodevelopmental,head_neck,cardiovascular,limbs	gnomAD-SV_v2.1_DUP_6_17705
chrX	111321999	chrX	111763216	Duplication	neurodevelopmental,head_neck,cardiovascular,limbs	gnomAD-SV_v2.1_DUP_X_54034
chr16	7843220	chr16	8283270	Duplication	neurodevelopmental,head_neck,cardiovascular,limbs	gnomAD-SV_v2.1_DUP_16_41247
chr1	92192924	chr1	92632814	Duplication	neurodevelopmental,head_neck,cardiovascular,limbs	gnomAD-SV_v2.1_DUP_1_1725
chr11	134489464	chr11	134928914	Duplication	neurodevelopmental,head_neck,cardiovascular,limbs	gnomAD-SV_v2.1_DUP_11_33718
chr7	100902916	chr7	101342141	Inversion	neurodevelopmental,head_neck,cardiovascular,limbs	gnomAD-SV_v2.1_INV_7_405
chr7	111029026	chr7	111468013	Duplication	neurodevelopmental,head_neck,cardiovascular,limbs	gnomAD-SV_v2.1_DUP_7_22266
chr9	132549591	chr9	132987442	Duplication	neurodevelopmental,head_neck,cardiovascular,limbs	gnomAD-SV_v2.1_DUP_9_28409
chr9	105106853	chr9	105544645	Deletion	neurodevelopmental,head_neck,cardiovascular,limbs	gnomAD-SV_v2.1_DEL_9_104455
chr9	296629	chr9	733453	Duplication	neurodevelopmental,head_neck,cardiovascular,limbs	gnomAD-SV_v2.1_DUP_9_26192
chr6	118085821	chr6	118522175	Duplication	neurodevelopmental,head_neck,cardiovascular,limbs	gnomAD-SV_v2.1_DUP_6_18834
chr2	183851459	chr2	184287597	Duplication	neurodevelopmental,head_neck,cardiovascular,limbs	gnomAD-SV_v2.1_DUP_2_6728
chr4	107511390	chr4	107947348	Duplication	neurodevelopmental,head_neck,cardiovascular,limbs	gnomAD-SV_v2.1_DUP_4_12589
chr17	9981362	chr17	10416002	Duplication	neurodevelopmental,head_neck,cardiovascular,limbs	gnomAD-SV_v2.1_DUP_17_43503
chr6	65913432	chr6	66346692	Deletion	neurodevelopmental,head_neck,cardiovascular,limbs	gnomAD-SV_v2.1_DEL_6_69850
chr3	179802734	chr3	180235659	Deletion	neurodevelopmental,head_neck,cardiovascular,limbs	gnomAD-SV_v2.1_DEL_3_40167
chr1	167239808	chr1	167668725	Duplication	neurodevelopmental,head_neck,cardiovascular,limbs	gnomAD-SV_v2.1_DUP_1_2568
chr4	151893221	chr4	152322034	Duplication	neurodevelopmental,head_neck,cardiovascular,limbs	gnomAD-SV_v2.1_DUP_4_13175
chr7	110901607	chr7	111328555	Deletion	neurodevelopmental,head_neck,cardiovascular,limbs	gnomAD-SV_v2.1_DEL_7_84969
chr8	21160488	chr8	21587185	Duplication	neurodevelopmental,head_neck,cardiovascular,limbs	gnomAD-SV_v2.1_DUP_8_24001
chrX	125827861	chrX	126254269	Deletion	neurodevelopmental,head_neck,cardiovascular,limbs	gnomAD-SV_v2.1_DEL_X_189509
chr11	17048029	chr11	17472217	Duplication	neurodevelopmental,head_neck,cardiovascular,limbs	gnomAD-SV_v2.1_DUP_11_31674
chr14	43824272	chr14	44248335	Duplication	neurodevelopmental,head_neck,cardiovascular,limbs	gnomAD-SV_v2.1_DUP_14_38305
chr20	14772683	chr20	15196374	Deletion	neurodevelopmental,head_neck,cardiovascular,limbs	gnomAD-SV_v2.1_DEL_20_175378
chr14	20482026	chr14	20904877	Duplication	neurodevelopmental,head_neck,cardiovascular,limbs	gnomAD-SV_v2.1_DUP_14_37905
chr5	163276734	chr5	163699149	Deletion	neurodevelopmental,head_neck,cardiovascular,limbs	gnomAD-SV_v2.1_DEL_5_64675
chrX	97272848	chrX	97693448	Duplication	neurodevelopmental,head_neck,cardiovascular,limbs	gnomAD-SV_v2.1_DUP_X_53891
chr1	107123785	chr1	107544075	Deletion	neurodevelopmental,head_neck,cardiovascular,limbs	gnomAD-SV_v2.1_DEL_1_6847
chr10	1984950	chr10	2404685	Duplication	neurodevelopmental,head_neck,cardiovascular,limbs	gnomAD-SV_v2.1_DUP_10_28954
chr11	80857378	chr11	81276770	Deletion	neurodevelopmental,head_neck,cardiovascular,limbs	gnomAD-SV_v2.1_DEL_11_121229
chr5	37621376	chr5	38040695	Duplication	neurodevelopmental,head_neck,cardiovascular,limbs	gnomAD-SV_v2.1_DUP_5_14797
chr2	3362354	chr2	3781346	Duplication	neurodevelopmental,head_neck,cardiovascular,limbs	gnomAD-SV_v2.1_DUP_2_4099
chr22	44180534	chr22	44596927	Duplication	neurodevelopmental,head_neck,cardiovascular,limbs	gnomAD-SV_v2.1_DUP_22_51547
chrX	228748	chrX	645054	Duplication	neurodevelopmental,head_neck,cardiovascular,limbs	gnomAD-SV_v2.1_DUP_X_51940
chr11	40370299	chr11	40785922	Deletion	neurodevelopmental,head_neck,cardiovascular,limbs	gnomAD-SV_v2.1_DEL_11_118387
chr4	131944275	chr4	132359715	Duplication	neurodevelopmental,head_neck,cardiovascular,limbs	gnomAD-SV_v2.1_DUP_4_12887
chr19	21830067	chr19	22245260	Inversion	neurodevelopmental,head_neck,cardiovascular,limbs	gnomAD-SV_v2.1_INV_19_784
chr7	88613887	chr7	89028837	Duplication	neurodevelopmental,head_neck,cardiovascular,limbs	gnomAD-SV_v2.1_DUP_7_21887
chr7	151864758	chr7	152279077	Duplication	neurodevelopmental,head_neck,cardiovascular,limbs	gnomAD-SV_v2.1_DUP_7_22912
chr9	11968275	chr9	12382420	Deletion	neurodevelopmental,head_neck,cardiovascular,limbs	gnomAD-SV_v2.1_DEL_9_99692
chr4	76008217	chr4	76421597	Duplication	neurodevelopmental,head_neck,cardiovascular,limbs	gnomAD-SV_v2.1_DUP_4_12222
chr8	963028	chr8	1375995	Deletion	neurodevelopmental,head_neck,cardiovascular,limbs	gnomAD-SV_v2.1_DEL_8_88519
chr11	67345086	chr11	67756984	Duplication	neurodevelopmental,head_neck,cardiovascular,limbs	gnomAD-SV_v2.1_DUP_11_32708
chr7	153993142	chr7	154402590	Duplication	neurodevelopmental,head_neck,cardiovascular,limbs	gnomAD-SV_v2.1_DUP_7_23016
chr6	117272240	chr6	117681595	Duplication	neurodevelopmental,head_neck,cardiovascular,limbs	gnomAD-SV_v2.1_DUP_6_18823
chr16	46523472	chr16	46932114	Duplication	neurodevelopmental,head_neck,cardiovascular,limbs	gnomAD-SV_v2.1_DUP_16_42125
chr16	8432471	chr16	8840397	Duplication	neurodevelopmental,head_neck,cardiovascular,limbs	gnomAD-SV_v2.1_DUP_16_41258
chr12	34299020	chr12	34706563	Duplication	neurodevelopmental,head_neck,cardiovascular,limbs	gnomAD-SV_v2.1_DUP_12_34388
chr6	5185568	chr6	5593034	Duplication	neurodevelopmental,head_neck,cardiovascular,limbs	gnomAD-SV_v2.1_DUP_6_17271
chr9	104641657	chr9	105047880	Duplication	neurodevelopmental,head_neck,cardiovascular,limbs	gnomAD-SV_v2.1_DUP_9_27981
chr8	99690673	chr8	100096773	Duplication	neurodevelopmental,head_neck,cardiovascular,limbs	gnomAD-SV_v2.1_DUP_8_25263
chr9	99517866	chr9	99923713	Duplication	neurodevelopmental,head_neck,cardiovascular,limbs	gnomAD-SV_v2.1_DUP_9_27912
chr4	151666358	chr4	152072114	Duplication	neurodevelopmental,head_neck,cardiovascular,limbs	gnomAD-SV_v2.1_DUP_4_13170
chr1	49853873	chr1	50259569	Deletion	neurodevelopmental,head_neck,cardiovascular,limbs	gnomAD-SV_v2.1_DEL_1_3518
chr9	11867965	chr9	12273398	Deletion	neurodevelopmental,head_neck,cardiovascular,limbs	gnomAD-SV_v2.1_DEL_9_99631
chr17	171228	chr17	576316	Duplication	neurodevelopmental,head_neck,cardiovascular,limbs	gnomAD-SV_v2.1_DUP_17_43080
chr10	56842875	chr10	57247859	Deletion	neurodevelopmental,head_neck,cardiovascular,limbs	gnomAD-SV_v2.1_DEL_10_110547
chr12	21007642	chr12	21412242	Deletion	neurodevelopmental,head_neck,cardiovascular,limbs	gnomAD-SV_v2.1_DEL_12_126286
chr15	101946315	chr15	102350596	Duplication	neurodevelopmental,head_neck,cardiovascular,limbs	gnomAD-SV_v2.1_DUP_15_40895
chr9	11741315	chr9	12145419	Deletion	neurodevelopmental,head_neck,cardiovascular,limbs	gnomAD-SV_v2.1_DEL_9_99583
chr2	150570076	chr2	150972119	Duplication	neurodevelopmental,head_neck,cardiovascular,limbs	gnomAD-SV_v2.1_DUP_2_6364
chr2	187611474	chr2	188013512	Duplication	neurodevelopmental,head_neck,cardiovascular,limbs	gnomAD-SV_v2.1_DUP_2_6783
chr22	23596451	chr22	23997768	Duplication	neurodevelopmental,head_neck,cardiovascular,limbs	gnomAD-SV_v2.1_DUP_22_50935
chr3	146391363	chr3	146792576	Duplication	neurodevelopmental,head_neck,cardiovascular,limbs	gnomAD-SV_v2.1_DUP_3_9900
chr1	92232767	chr1	92633770	Duplication	neurodevelopmental,head_neck,cardiovascular,limbs	gnomAD-SV_v2.1_DUP_1_1728
chr2	1449667	chr2	1850017	Duplication	neurodevelopmental,head_neck,cardiovascular,limbs	gnomAD-SV_v2.1_DUP_2_3967
chr10	56360197	chr10	56760391	Deletion	neurodevelopmental,head_neck,cardiovascular,limbs	gnomAD-SV_v2.1_DEL_10_110506
chr2	230542757	chr2	230941773	Duplication	neurodevelopmental,head_neck,cardiovascular,limbs	gnomAD-SV_v2.1_DUP_2_7314
chr8	144488701	chr8	144886307	Duplication	neurodevelopmental,head_neck,cardiovascular,limbs	gnomAD-SV_v2.1_DUP_8_26023
chr13	113716401	chr13	114112692	Duplication	neurodevelopmental,head_neck,cardiovascular,limbs	gnomAD-SV_v2.1_DUP_13_37735
chr7	66609759	chr7	67005905	Duplication	neurodevelopmental,head_neck,cardiovascular,limbs	gnomAD-SV_v2.1_DUP_7_21396
chr6	162649986	chr6	163044611	Duplication	neurodevelopmental,head_neck,cardiovascular,limbs	gnomAD-SV_v2.1_DUP_6_19457
chr3	121211039	chr3	121605532	Inversion	neurodevelopmental,head_neck,cardiovascular,limbs	gnomAD-SV_v2.1_INV_3_180
chr3	190940522	chr3	191334252	Deletion	neurodevelopmental,head_neck,cardiovascular,limbs	gnomAD-SV_v2.1_DEL_3_40848
chr8	83570888	chr8	83964498	Duplication	neurodevelopmental,head_neck,cardiovascular,limbs	gnomAD-SV_v2.1_DUP_8_25026
chr7	7524275	chr7	7917187	Duplication	neurodevelopmental,head_neck,cardiovascular,limbs	gnomAD-SV_v2.1_DUP_7_20196
chr5	13792100	chr5	14184287	Duplication	neurodevelopmental,head_neck,cardiovascular,limbs	gnomAD-SV_v2.1_DUP_5_14434
chr5	98932731	chr5	99324872	Deletion	neurodevelopmental,head_neck,cardiovascular,limbs	gnomAD-SV_v2.1_DEL_5_60505
chr16	15945918	chr16	16337818	Duplication	neurodevelopmental,head_neck,cardiovascular,limbs	gnomAD-SV_v2.1_DUP_16_41507
chr7	137605466	chr7	137997146	Duplication	neurodevelopmental,head_neck,cardiovascular,limbs	gnomAD-SV_v2.1_DUP_7_22610
chr11	81362075	chr11	81752695	Deletion	neurodevelopmental,head_neck,cardiovascular,limbs	gnomAD-SV_v2.1_DEL_11_121272
chr15	99616212	chr15	100006786	Duplication	neurodevelopmental,head_neck,cardiovascular,limbs	gnomAD-SV_v2.1_DUP_15_40828
chr4	55167266	chr4	55557335	Duplication	neurodevelopmental,head_neck,cardiovascular,limbs	gnomAD-SV_v2.1_DUP_4_11841
chr6	162790024	chr6	163179560	Deletion	neurodevelopmental,head_neck,cardiovascular,limbs	gnomAD-SV_v2.1_DEL_6_76299
chrX	140284706	chrX	140673774	Duplication	neurodevelopmental,head_neck,cardiovascular,limbs	gnomAD-SV_v2.1_DUP_X_54411
chr15	99397279	chr15	99786208	Duplication	neurodevelopmental,head_neck,cardiovascular,limbs	gnomAD-SV_v2.1_DUP_15_40822
chr1	228463086	chr1	228851410	Duplication	neurodevelopmental,head_neck,cardiovascular,limbs	gnomAD-SV_v2.1_DUP_1_3397
chr1	245373514	chr1	245761807	Duplication	neurodevelopmental,head_neck,cardiovascular,limbs	gnomAD-SV_v2.1_DUP_1_3693
chr4	188528616	chr4	188916245	Duplication	neurodevelopmental,head_neck,cardiovascular,limbs	gnomAD-SV_v2.1_DUP_4_13819
chr6	74393898	chr6	74779390	Duplication	neurodevelopmental,head_neck,cardiovascular,limbs	gnomAD-SV_v2.1_DUP_6_18262
chr9	11715621	chr9	12100787	Deletion	neurodevelopmental,head_neck,cardiovascular,limbs	gnomAD-SV_v2.1_DEL_9_99580
chrX	98697538	chrX	99082605	Deletion	neurodevelopmental,head_neck,cardiovascular,limbs	gnomAD-SV_v2.1_DEL_X_188415
chr1	188589790	chr1	188974319	Deletion	neurodevelopmental,head_neck,cardiovascular,limbs	gnomAD-SV_v2.1_DEL_1_10030
chr16	89385572	chr16	89767968	Duplication	neurodevelopmental,head_neck,cardiovascular,limbs	gnomAD-SV_v2.1_DUP_16_42989
chr3	194334604	chr3	194716963	Duplication	neurodevelopmental,head_neck,cardiovascular,limbs	gnomAD-SV_v2.1_DUP_3_10589
chr14	27570555	chr14	27952180	Deletion	neurodevelopmental,head_neck,cardiovascular,limbs	gnomAD-SV_v2.1_DEL_14_140802
chr5	19072027	chr5	19453172	Deletion	neurodevelopmental,head_neck,cardiovascular,limbs	gnomAD-SV_v2.1_DEL_5_55500
chr12	131488574	chr12	131869113	Duplication	neurodevelopmental,head_neck,cardiovascular,limbs	gnomAD-SV_v2.1_DUP_12_36057
chr7	132496865	chr7	132877221	Duplication	neurodevelopmental,head_neck,cardiovascular,limbs	gnomAD-SV_v2.1_DUP_7_22554
chr3	164011899	chr3	164391575	Duplication	neurodevelopmental,head_neck,cardiovascular,limbs	gnomAD-SV_v2.1_DUP_3_10101
chr19	21563170	chr19	21942807	Duplication	neurodevelopmental,head_neck,cardiovascular,limbs	gnomAD-SV_v2.1_DUP_19_47297
chr11	23355281	chr11	23734505	Deletion	neurodevelopmental,head_neck,cardiovascular,limbs	gnomAD-SV_v2.1_DEL_11_117178
chr19	22352447	chr19	22731492	Duplication	neurodevelopmental,head_neck,cardiovascular,limbs	gnomAD-SV_v2.1_DUP_19_47333
chr8	137811676	chr8	138189633	Deletion	neurodevelopmental,head_neck,cardiovascular,limbs	gnomAD-SV_v2.1_DEL_8_97678
chr9	23099439	chr9	23476866	Deletion	neurodevelopmental,head_neck,cardiovascular,limbs	gnomAD-SV_v2.1_DEL_9_100596
chr7	146070908	chr7	146447946	Deletion	neurodevelopmental,head_neck,cardiovascular,limbs	gnomAD-SV_v2.1_DEL_7_87290
chr2	182025084	chr2	182401195	Duplication	neurodevelopmental,head_neck,cardiovascular,limbs	gnomAD-SV_v2.1_DUP_2_6707
chr17	19648168	chr17	20024026	Duplication	neurodevelopmental,head_neck,cardiovascular,limbs	gnomAD-SV_v2.1_DUP_17_43709
chr11	134347902	chr11	134721954	Duplication	neurodevelopmental,head_neck,cardiovascular,limbs	gnomAD-SV_v2.1_DUP_11_33706
chr16	6749911	chr16	7123251	Duplication	neurodevelopmental,head_neck,cardiovascular,limbs	gnomAD-SV_v2.1_DUP_16_41228
chr1	248502720	chr1	248875715	Duplication	neurodevelopmental,head_neck,cardiovascular,limbs	gnomAD-SV_v2.1_DUP_1_3804
chr9	20508734	chr9	20881704	Duplication	neurodevelopmental,head_neck,cardiovascular,limbs	gnomAD-SV_v2.1_DUP_9_26515
chr20	41567031	chr20	41938925	Duplication	neurodevelopmental,head_neck,cardiovascular,limbs	gnomAD-SV_v2.1_DUP_20_49193
chr6	127900223	chr6	128271650	Duplication	neurodevelopmental,head_neck,cardiovascular,limbs	gnomAD-SV_v2.1_DUP_6_18952
chrX	1790594	chrX	2161688	Duplication	neurodevelopmental,head_neck,cardiovascular,limbs	gnomAD-SV_v2.1_DUP_X_52345
chr4	109466344	chr4	109837406	Duplication	neurodevelopmental,head_neck,cardiovascular,limbs	gnomAD-SV_v2.1_DUP_4_12601
chr10	3386779	chr10	3757708	Duplication	neurodevelopmental,head_neck,cardiovascular,limbs	gnomAD-SV_v2.1_DUP_10_28997
chr7	110746072	chr7	111115301	Deletion	neurodevelopmental,head_neck,cardiovascular,limbs	gnomAD-SV_v2.1_DEL_7_84940
chr21	24398725	chr21	24766798	Deletion	neurodevelopmental,head_neck,cardiovascular,limbs	gnomAD-SV_v2.1_DEL_21_179388
chr9	19235824	chr9	19603546	Duplication	neurodevelopmental,head_neck,cardiovascular,limbs	gnomAD-SV_v2.1_DUP_9_26500
chr19	28060527	chr19	28427773	Deletion	neurodevelopmental,head_neck,cardiovascular,limbs	gnomAD-SV_v2.1_DEL_19_171399
chrX	1760634	chrX	2127875	Duplication	neurodevelopmental,head_neck,cardiovascular,limbs	gnomAD-SV_v2.1_DUP_X_52336
chrX	7700128	chrX	8066201	Duplication	neurodevelopmental,head_neck,cardiovascular,limbs	gnomAD-SV_v2.1_DUP_X_52558
chr7	110947220	chr7	111312988	Deletion	neurodevelopmental,head_neck,cardiovascular,limbs	gnomAD-SV_v2.1_DEL_7_84981
chr20	5442859	chr20	5808468	Duplication	neurodevelopmental,head_neck,cardiovascular,limbs	gnomAD-SV_v2.1_DUP_20_48626
chr3	4211779	chr3	4577368	Duplication	neurodevelopmental,head_neck,cardiovascular,limbs	gnomAD-SV_v2.1_DUP_3_7895
chr18	47100790	chr18	47465427	Duplication	neurodevelopmental,head_neck,cardiovascular,limbs	gnomAD-SV_v2.1_DUP_18_45790
chr2	41530159	chr2	41894128	Deletion	neurodevelopmental,head_neck,cardiovascular,limbs	gnomAD-SV_v2.1_DEL_2_16712
chr3	64917501	chr3	65281259	Duplication	neurodevelopmental,head_neck,cardiovascular,limbs	gnomAD-SV_v2.1_DUP_3_8782
chr17	50951274	chr17	51314632	Deletion	neurodevelopmental,head_neck,cardiovascular,limbs	gnomAD-SV_v2.1_DEL_17_161110
chr5	85588745	chr5	85951489	Duplication	neurodevelopmental,head_neck,cardiovascular,limbs	gnomAD-SV_v2.1_DUP_5_15674
chr9	33341703	chr9	33703942	Duplication	neurodevelopmental,head_neck,cardiovascular,limbs	gnomAD-SV_v2.1_DUP_9_26717
chr7	158437142	chr7	158798604	Duplication	neurodevelopmental,head_neck,cardiovascular,limbs	gnomAD-SV_v2.1_DUP_7_23233
chr4	60391514	chr4	60752646	Deletion	neurodevelopmental,head_neck,cardiovascular,limbs	gnomAD-SV_v2.1_DEL_4_45664
chr12	26844794	chr12	27205779	Duplication	neurodevelopmental,head_neck,cardiovascular,limbs	gnomAD-SV_v2.1_DUP_12_34251
chr5	102100043	chr5	102460402	Deletion	neurodevelopmental,head_neck,cardiovascular,limbs	gnomAD-SV_v2.1_DEL_5_60764
chr2	132853576	chr2	133213563	Duplication	neurodevelopmental,head_neck,cardiovascular,limbs	gnomAD-SV_v2.1_DUP_2_6167
chr7	92847453	chr7	93207373	Duplication	neurodevelopmental,head_neck,cardiovascular,limbs	gnomAD-SV_v2.1_DUP_7_21938
chr1	189239877	chr1	189599404	Deletion	neurodevelopmental,head_neck,cardiovascular,limbs	gnomAD-SV_v2.1_DEL_1_10095
chr9	55435	chr9	413901	Duplication	neurodevelopmental,head_neck,cardiovascular,limbs	gnomAD-SV_v2.1_DUP_9_26164
chr12	126873872	chr12	127232194	Duplication	neurodevelopmental,head_neck,cardiovascular,limbs	gnomAD-SV_v2.1_DUP_12_35948
chr3	165517406	chr3	165875543	Duplication	neurodevelopmental,head_neck,cardiovascular,limbs	gnomAD-SV_v2.1_DUP_3_10124
chr22	23409174	chr22	23767266	Duplication	neurodevelopmental,head_neck,cardiovascular,limbs	gnomAD-SV_v2.1_DUP_22_50923
chr15	101678190	chr15	102035714	Deletion	neurodevelopmental,head_neck,cardiovascular,limbs	gnomAD-SV_v2.1_DEL_15_150939
